Name,Age,Gender,Occupation,Location,Email,Phone
John Doe,25,Male,Software Engineer,New York,johndoe@email.com,555-1234
Jane Smith,30,Female,Marketing Manager,Los Angeles,janesmith@email.com,555-5678
Robert Johnson,22,Male,Student,Chicago,robertjohnson@email.com,555-9101
Emily Davis,35,Female,Doctor,San Francisco,emilydavis@email.com,555-1212
Michael Anderson,28,Male,Graphic Designer,Miami,michaelanderson@email.com,555-1313
Amanda Taylor,32,Female,Financial Analyst,Dallas,amandataylor@email.com,555-1414
Daniel Brown,27,Male,Teacher,Boston,danielbrown@email.com,555-1515
Sophia Miller,29,Female,Entrepreneur,Seattle,sophiamiller@email.com,555-1616
William Wilson,24,Male,Engineer,Austin,williamwilson@email.com,555-1717
Olivia Moore,31,Female,Writer,Denver,oliviamoore@email.com,555-1818
Matthew White,26,Male,Data Scientist,Atlanta,matthewwhite@email.com,555-1919
Eva Martinez,33,Female,Nurse,Houston,evamartinez@email.com,555-2020
Christopher Lee,23,Male,Artist,Phoenix,christopherlee@email.com,555-2121
Isabella Garcia,28,Female,Consultant,Philadelphia,isabellagarcia@email.com,555-2222
Andrew Taylor,29,Male,HR Specialist,Detroit,andrewtaylor@email.com,555-2323
Chloe Adams,26,Female,Event Planner,San Diego,chloeadams@email.com,555-2424
Brandon Turner,34,Male,Real Estate Agent,Minneapolis,brandonturner@email.com,555-2525
Grace Clark,27,Female,Architect,Charlotte,graceclark@email.com,555-2626
Tyler Harris,31,Male,Entrepreneur,Portland,tylerharris@email.com,555-2727
Lily Johnson,29,Female,Product Manager,San Antonio,lilyjohnson@email.com,555-2828
